tiket,nim,week,url,skor,status,submitted_at,updated_at,worker_id,ringkasan,saran
1,07381119,W02,https://azral1962.github.io/kipp-alibaba/portfolio/week-02.html,,BELUM DAPAT DINILAI,,,,,
2,07381119,W01,https://azral1962.github.io/kipp-alibaba/portfolio/week-01.html,15,PERLU REVISI,,,,,
3,07381119,W01,https://azral1962.github.io/kipp-alibaba/portfolio/week-01.html,15,PERLU REVISI,2026-08-24T07:47:31+00:00,2026-09-27T09:46:59+00:00,,"Mahasiswa menunjukkan pemahaman yang baik dalam membedakan person, character, dan objective dengan evidence teks yang jelas, namun status evidence dikategorikan Parsial karena tautan eksternal dan lampiran observasi/transcript tidak dapat diverifikasi secara langsung oleh assessor.","Prioritas utama: Validasi evidence eksternal. Mahasiswa perlu menyediakan transkrip percakapan atau bukti observasi langsung (bukan hanya klaim 'Evidence fiktif') untuk memverifikasi respons adaptasi dan kualitas interaksi, bukan hanya narasi tertulis."
4,73811190,W01,https://azral1962.github.io/kipp-students/portfolio/week-01.html,,BELUM DAPAT DINILAI,2026-09-01T09:32:11+00:00,2026-09-27T09:46:59+00:00,,"Evidence wajib (lima karakter, analisis objective/state/repertoire, dan contoh perubahan bahasa) tidak ditemukan dalam teks yang disediakan; halaman hanya berisi kerangka kerja kosong dan daftar tautan yang tidak dapat diverifikasi.","Mahasiswa harus mengisi bagian 'Evidence' dan 'Analisis komunikasi' pada halaman portfolio dengan lima karakter konkret dari tiga domain kehidupan, lengkap dengan objective, responsibility, repertoire, risiko, dan satu contoh perubahan bahasa yang sesuai. Tautan eksternal harus dianggap tidak dapat diverifikasi sampai isinya tersedia dalam teks."
5,18225007,W01,https://arzhaload.github.io/KIPP-arzha/portfolio/week-01.html,,GAGAL,2026-09-03T04:51:17+00:00,2026-09-27T09:19:27+00:00,GALAX-B550M-EX:137464,,
6,18225061,W01,https://cpu-61.github.io/kipp-students/portfolio/week-01.html,,GAGAL,2026-09-16T05:10:10+00:00,2026-09-22T09:06:17+00:00,GALAX-B550M-EX:4941,,
7,18225001,W01,https://kazei0.github.io/kipp-students/portfolio/week-01.html,,GAGAL,2026-09-18T15:44:21+00:00,2026-09-18T15:54:01+00:00,GALAX-B550M-EX:995387,,
8,18225001,W01,https://kazei0.github.io/kipp-students/portfolio/week-01.html,,GAGAL,2026-09-18T15:54:13+00:00,2026-09-18T15:54:43+00:00,GALAX-B550M-EX:995387,,
9,18225023,W01,https://ilovecomputer-python.github.io/kipp-students/portfolio/week-01.html,,GAGAL,2026-09-20T17:23:11+00:00,2026-09-22T16:31:47+00:00,GALAX-B550M-EX:4941,,
10,18225063,W01,https://lvdis29.github.io/kipp-suci/portfolio/week-01.html,15,PERLU REVISI,2026-09-21T11:39:18+00:00,2026-09-27T09:46:59+00:00,,"Mahasiswa berhasil memetakan lima karakter dari tiga domain, membedakan person/personality/character, serta menunjukkan perubahan bahasa dan penggunaan AI secara transparan, namun evidence berupa screenshot percakapan tidak dapat diverifikasi sehingga status evidence parsial.",Prioritas utama: Tampilkan bukti visual (screenshot atau transkrip) percakapan WhatsApp yang disebutkan sebagai evidence. Cara replay: Re-upload screenshot percakapan asli ke dalam artefak portfolio atau lampirkan transkrip teks percakapan tersebut. Indikator keberhasilan: Assessor dapat melihat langsung respons teman dan perubahan bahasa dalam artefak yang sama.
11,18225063,W02,https://lvdis29.github.io/kipp-suci/portfolio/week-02.html,20,TERCAPAI,2026-09-21T12:08:28+00:00,2026-09-27T09:46:59+00:00,,"Mahasiswa berhasil memisahkan fakta objektif dari narasi internal, mengidentifikasi multiple states dan karakter internal, menyusun narasi alternatif yang logis, serta mengambil tindakan asertif yang menjaga hubungan sosial sambil menyelesaikan prioritas akademik.",Prioritas utama: Lakukan 'replay' mental dengan mensimulasikan skenario di mana teman-teman bereaksi negatif (misal: marah atau menghakimi) untuk melatih ketahanan terhadap 'Sang Pencemas' dan memastikan internal agreement tetap stabil meskipun ada ketidaksetujuan eksternal.
12,18225063,W03,https://lvdis29.github.io/kipp-suci/portfolio/week-03.html,20,TERCAPAI,2026-09-21T12:22:04+00:00,2026-09-27T09:46:59+00:00,,"Mahasiswa menunjukkan kemampuan tingkat lanjut dalam mengelola konflik antara batasan diri dan kebutuhan teman melalui validasi emosional, adaptasi respons, dan kesepakatan eksplisit yang ditindaklanjuti.",Prioritas utama: Mempertahankan konsistensi teknik validasi dan penawaran opsi kompromi dalam situasi di mana lawan bicara menunjukkan resistensi tinggi atau emosi yang lebih intens (misalnya jika Dina menolak opsi telepon dan terus mendesak). Cara practice: Lakukan role-play dengan skenario di mana lawan bicara menolak solusi yang ditawarkan dua kali berturut-turut. Evidence baru yang harus dikumpulkan: Rekaman percakapan di mana terjadi resistensi lebih besar dan bagaimana mahasiswa melakukan 'repair' kedua atau ketiga. Indikator keberhasilan: Lawan bicara merasa didengar namun tetap menerima batasan tanpa merasa dikhianati.
13,18225007,W02,https://arzhaload.github.io/KIPP-arzha/portfolio/week-02.html,,GAGAL,2026-09-21T15:23:26+00:00,2026-09-27T09:19:49+00:00,GALAX-B550M-EX:137464,,
14,18225007,W03,https://arzhaload.github.io/KIPP-arzha/portfolio/week-03.html,16,PERLU REVISI,2026-09-21T16:47:56+00:00,2026-09-27T09:46:59+00:00,,"Mahasiswa menunjukkan kemampuan listening, validasi, dan adaptasi yang kuat dalam konteks percakapan personal, namun klaim 'Observer role-play' dan 'analisis state sebelum/sesudah' tidak didukung oleh artefak eksternal yang dapat diverifikasi, sehingga status evidence menjadi Parsial.","Prioritas utama: Mengubah klaim 'Observer role-play' dan 'analisis state sebelum/sesudah' menjadi bukti artefak yang dapat diverifikasi (misalnya: screenshot chat sebelum/sesudah, atau catatan observasi terpisah yang tidak hanya berupa narasi interpretasi). Cara practice: Rekam atau catat perubahan spesifik dalam bahasa (misal: 'Mitra mengubah topik dari keluhan ke rencana') dan lampirkan sebagai bukti terpisah. Indikator keberhasilan: Tautan atau file lampiran yang berisi artefak observasi eksternal yang dapat diakses."
15,18225007,W04,https://arzhaload.github.io/KIPP-arzha/portfolio/week-04.html,,GAGAL,2026-09-21T17:31:42+00:00,2026-09-27T09:20:31+00:00,GALAX-B550M-EX:137464,,
16,18225097,W01,https://g7zel.github.io/kippKuliah/portfolio/week-01.html,,GAGAL,2026-09-22T03:23:31+00:00,2026-09-22T03:24:02+00:00,GALAX-B550M-EX:4941,,
17,18225097,W02,https://g7zel.github.io/kippKuliah/portfolio/week-02.html,16,TERCAPAI,2026-09-22T03:24:03+00:00,2026-09-27T09:46:59+00:00,,"Mahasiswa berhasil memisahkan fakta dari narasi, mengidentifikasi karakter internal 'si korban', merumuskan empat alternatif narasi yang masuk akal, serta menetapkan kesepakatan internal dan bukti tindakan konkret (to-do list) yang mengarah pada perbaikan hasil belajar.","1. Prioritas utama: Memperdalam analisis 'Person & Character' ke level Lanjut (4). Cara replay: Saat merenungkan kegagalan, coba identifikasi tidak hanya karakter statis ('si korban'), tetapi juga bagaimana karakter tersebut berubah atau berinteraksi dengan konteks eksternal yang berubah (misal: tekanan sosial, ekspektasi dosen, atau pergeseran prioritas diri). Evidence baru yang dibutuhkan: Catatan yang menunjukkan pergeseran dari 'si korban' menjadi 'agen aktif' dalam situasi yang sama."
18,18225097,W03,https://g7zel.github.io/kippKuliah/portfolio/week-03.html,,GAGAL,2026-09-22T03:24:21+00:00,2026-09-22T08:09:51+00:00,GALAX-B550M-EX:4941,,
19,18225097,W04,https://g7zel.github.io/kippKuliah/portfolio/week-04.html,16,TERCAPAI,2026-09-22T03:24:30+00:00,2026-09-27T09:46:59+00:00,,"Mahasiswa berhasil mengadaptasi bahasa dan repertoire untuk lima target berbeda sambil mempertahankan core meaning, serta mendeteksi sinyal ambigu dari target (Suci) dan melakukan adaptasi konkret berdasarkan feedback tersebut.","1. Prioritas utama: Tingkatkan kemampuan membaca 'power' dan 'role' target untuk mencapai skor 4 pada dimensi Person & Character. Cara practice: Saat menyusun versi 'Manager', coba identifikasi apakah dosen tersebut memiliki otoritas evaluasi final atau hanya penasihat, dan sesuaikan nada (lebih hormat vs lebih setara) serta detail yang diberikan (data finansial vs ide kreatif) sesuai power tersebut. Evidence baru: Rekaman atau catatan refleksi yang menunjukkan pertimbangan eksplisit terhadap 'power dynamic' sebelum menulis."
20,18225097,W05,https://g7zel.github.io/kippKuliah/portfolio/week-05.html,16,TERCAPAI,2026-09-22T03:24:32+00:00,2026-09-27T09:46:59+00:00,,"Mahasiswa menunjukkan kemampuan memetakan dinamika tim, menguji asumsi awal, dan membangun shared problem statement yang dikonfirmasi bersama, meskipun analisis terhadap perubahan state partner masih bersifat reaktif terhadap informasi eksplisit.",1. Prioritas utama: Tingkatkan kemampuan mendeteksi signal lemah (non-verbal atau nuansa halus) dalam percakapan untuk memprediksi kebutuhan partner sebelum mereka menyatakannya secara eksplisit. Cara replay: Lakukan simulasi wawancara dengan meminta partner memberikan feedback halus (misal: 'rasanya kurang jelas') dan latih respons adaptif sebelum mereka menyelesaikan kalimat. Evidence baru yang harus dikumpulkan: Rekaman sesi di mana mahasiswa berhasil mengantisipasi kebutuhan partner sebelum partner mengatakannya.
21,18225097,W01,https://g7zel.github.io/kippKuliah/portfolio/week-01.html,,GAGAL,2026-09-22T03:25:58+00:00,2026-09-22T03:26:30+00:00,GALAX-B550M-EX:4941,,
22,18225063,W04,https://lvdis29.github.io/kipp-suci/portfolio/week-04.html,,GAGAL,2026-09-22T08:10:39+00:00,2026-09-22T08:11:23+00:00,GALAX-B550M-EX:4941,,
23,18225061,W01,https://cpu-61.github.io/kipp-students/portfolio/week-01.html,,GAGAL,2026-09-22T09:07:07+00:00,2026-09-22T09:07:35+00:00,GALAX-B550M-EX:4941,,
24,18225061,W02,https://cpu-61.github.io/kipp-students/portfolio/week-02.html,18,TERCAPAI,2026-09-22T09:08:00+00:00,2026-09-27T09:46:59+00:00,,"Mahasiswa menunjukkan kemampuan tingkat lanjut dalam memisahkan fakta dari narasi, mengelola emosi internal melalui dialog karakter, serta beradaptasi dengan respons eksternal yang mengubah pemahaman awal tentang situasi.","Prioritas utama: Memperdalam analisis terhadap 'uncertainty' dan 'ambiguity' dalam fase awal sebelum konfirmasi. Meskipun mahasiswa berhasil mengoreksi diri, latihan lebih lanjut dapat difokuskan pada bagaimana mempertahankan 'state analitis' saat emosi awal sangat tinggi tanpa bergantung sepenuhnya pada jeda eksternal (AI atau waktu), melainkan membangun mekanisme internal yang lebih cepat untuk memisahkan fakta dari emosi."
25,18225061,W03,https://cpu-61.github.io/kipp-students/portfolio/week-03.html,,GAGAL,2026-09-22T09:09:31+00:00,2026-09-22T09:10:02+00:00,GALAX-B550M-EX:4941,,
26,18225061,W04,https://cpu-61.github.io/kipp-students/portfolio/week-04.html,,GAGAL,2026-09-22T09:10:16+00:00,2026-09-22T09:10:43+00:00,GALAX-B550M-EX:4941,,
27,18225061,W01,https://cpu-61.github.io/kipp-students/portfolio/week-01.html,,GAGAL,2026-09-22T09:10:56+00:00,2026-09-22T09:11:23+00:00,GALAX-B550M-EX:4941,,
28,18225061,W01,https://cpu-61.github.io/kipp-students/portfolio/week-01.html,,GAGAL,2026-09-22T09:22:33+00:00,2026-09-22T09:23:05+00:00,GALAX-B550M-EX:4941,,
29,18225061,W03,https://cpu-61.github.io/kipp-students/portfolio/week-03.html,,GAGAL,2026-09-22T09:23:24+00:00,2026-09-22T09:24:06+00:00,GALAX-B550M-EX:4941,,
30,18225069,W01,https://ambreluee.github.io/kipp-students/portfolio/week-01.html,,GAGAL,2026-09-22T13:12:46+00:00,2026-09-27T09:21:39+00:00,GALAX-B550M-EX:137464,,
31,18225069,W02,https://ambreluee.github.io/kipp-students/portfolio/week-02.html,,GAGAL,2026-09-22T13:37:31+00:00,2026-09-27T09:21:57+00:00,GALAX-B550M-EX:137464,,
32,18225069,W03,https://ambreluee.github.io/kipp-students/portfolio/week-03.html,,GAGAL,2026-09-22T13:37:43+00:00,2026-09-27T09:22:24+00:00,GALAX-B550M-EX:137464,,
33,18225069,W04,https://ambreluee.github.io/kipp-students/portfolio/week-04.html,14,PERLU REVISI,2026-09-22T13:37:53+00:00,2026-09-27T09:46:59+00:00,,"Mahasiswa berhasil menerjemahkan pesan inti ke lima versi audiens dengan penyesuaian jargon dan tone yang tepat, serta menunjukkan pemahaman yang jelas dari rekan teknis, namun bukti umpan balik hanya mencakup satu target dan tidak memuat bukti adaptasi lanjutan atau penanganan keraguan dari target lain.","Prioritas utama: Perlu mengumpulkan bukti umpan balik dari minimal satu target lain (misal: Manager atau Customer) yang menunjukkan adanya keraguan atau pertanyaan, lalu mendemonstrasikan kemampuan adaptasi pesan untuk menjawab keraguan tersebut (misal: memberikan jaminan tambahan atau penjelasan lebih detail) untuk membuktikan kemampuan mengelola uncertainty dan trade-off."
34,18225069,W05,https://ambreluee.github.io/kipp-students/portfolio/week-05.html,,GAGAL,2026-09-22T13:38:02+00:00,2026-09-27T09:23:04+00:00,GALAX-B550M-EX:137464,,
35,18225087,W01,https://mnabilaizar.github.io/kipp-students/portfolio/week-01.html,,GAGAL,2026-09-22T13:39:58+00:00,2026-09-27T09:23:26+00:00,GALAX-B550M-EX:137464,,
36,18225071,W01,https://minei114.github.io/kipp-students/portfolio/week-01.html,,GAGAL,2026-09-22T14:10:56+00:00,2026-09-22T14:12:01+00:00,GALAX-B550M-EX:4941,,
37,18225071,W01,https://minei114.github.io/kipp-students/portfolio/week-01.html,,GAGAL,2026-09-22T14:13:06+00:00,2026-09-22T14:45:02+00:00,GALAX-B550M-EX:4941,,
38,18225071,W01,https://minei114.github.io/kipp-students/portfolio/week-01.html,,ANTRI,2026-09-22T15:23:07+00:00,2026-09-27T09:23:26+00:00,,,
39,18225071,W02,https://minei114.github.io/kipp-students/portfolio/week-02.html,,ANTRI,2026-09-22T15:23:13+00:00,2026-09-27T09:23:27+00:00,,,
40,18225071,W03,https://minei114.github.io/kipp-students/portfolio/week-03.html,,GAGAL,2026-09-22T15:23:18+00:00,2026-09-23T08:42:11+00:00,GALAX-B550M-EX:4941,,
41,18225087,W02,https://mnabilaizar.github.io/kipp-students/portfolio/week-02.html,16,TERCAPAI,2026-09-22T15:26:31+00:00,2026-09-27T09:47:00+00:00,,"Mahasiswa berhasil memisahkan fakta dari interpretasi, menyajikan tiga narasi alternatif yang memperluas pilihan, serta mendokumentasikan kesepakatan kelompok dan tindakan konkret untuk menyelesaikan tugas.","Prioritas utama: Tingkatkan kemampuan membaca perubahan peran dan konteks kekuasaan (Level 4 Person & Character). Cara replay: Dalam situasi serupa, tanyakan pada diri sendiri atau rekan: 'Apakah ketidakhadiran ini mengubah posisi kekuasaan atau tanggung jawab saya secara dinamis?' dan dokumentasikan bagaimana Anda menyesuaikan strategi komunikasi Anda berdasarkan perubahan tersebut, bukan hanya pada fakta awal."
42,18225079,W01,https://grasella07.github.io/kipp-students/portfolio/week-01.html,20,TERCAPAI,2026-09-22T15:32:42+00:00,2026-09-27T09:47:00+00:00,,"Mahasiswa berhasil memetakan lima karakter dari lima domain kehidupan, membedakan secara jelas antara person, personality, dan character, serta memberikan contoh spesifik perubahan bahasa dan repertoire yang sesuai dengan konteks peran.","Prioritas utama: Mengembangkan bukti observasi eksternal (bukan hanya refleksi internal) untuk memvalidasi bahwa perubahan bahasa tersebut benar-benar diterapkan dalam interaksi nyata, bukan hanya dalam perencanaan. Cara replay: Lakukan rekaman singkat atau minta teman memberikan feedback langsung saat menggunakan bahasa 'Tim' vs 'Komunitas' dalam diskusi nyata. Evidence baru yang dibutuhkan: Transkrip percakapan atau catatan observasi teman yang memverifikasi penggunaan bahasa tersebut."
43,18225079,W02,https://grasella07.github.io/kipp-students/portfolio/week-02.html,,GAGAL,2026-09-22T15:32:55+00:00,2026-09-27T09:24:41+00:00,GALAX-B550M-EX:137464,,
44,18225087,W03,https://mnabilaizar.github.io/kipp-students/portfolio/week-03.html,,GAGAL,2026-09-22T15:43:47+00:00,2026-09-27T09:25:04+00:00,GALAX-B550M-EX:137464,,
45,18225029,W01,https://fkkhrri.github.io/kipp-students/portfolio/week-01.html,15,TERCAPAI,2026-09-22T15:54:45+00:00,2026-09-27T09:47:00+00:00,,"Mahasiswa berhasil memetakan lima karakter kontekstual, menghubungkan setiap karakter dengan tujuan dan risiko spesifik, serta mendemonstrasikan adaptasi bahasa dan penggunaan AI yang proporsional untuk memvalidasi fakta sebelum berinteraksi.","1. Prioritas utama: Bedah relasi kuasa (power dynamic) dalam situasi tekanan tenggat. Cara replay: Saat mensimulasikan skenario 'tenggat mendesak', analisis secara tertulis: 'Bagaimana posisi saya sebagai koordinator mempengaruhi pilihan kata Banu?' dan 'Apakah ada risiko Banu merasa dipaksa karena status saya?', lalu tambahkan kalimat yang mengakui dinamika tersebut sebelum menawarkan solusi."
46,18225087,W04,https://mnabilaizar.github.io/kipp-students/portfolio/week-04.html,15,PERLU REVISI,2026-09-22T15:57:25+00:00,2026-09-27T09:47:00+00:00,,"Mahasiswa menunjukkan kemampuan membedakan target audiens dan menjaga core meaning, namun bukti adaptasi responsif terhadap feedback target masih parsial karena feedback bersifat umum tanpa detail spesifik yang memicu perubahan konkret.",1. Prioritas utama: Latihan 'teach-back' spesifik. Replay: Minta teman menjelaskan kembali konsep 2FA dengan bahasanya sendiri setelah mendengar versi 'teman'. Evidence baru yang dibutuhkan: Catatan transkrip atau ringkasan dari sesi ini di mana teman mengungkapkan bagian yang masih ambigu atau pertanyaan spesifik. Indikator keberhasilan: Mahasiswa mengubah satu bagian penjelasan berdasarkan pertanyaan spesifik teman tersebut.
47,18225063,W05,https://lvdis29.github.io/kipp-suci/portfolio/week-05.html,,GAGAL,2026-09-22T16:50:16+00:00,2026-09-27T09:26:22+00:00,GALAX-B550M-EX:137464,,
48,18225061,W01,https://cpu-61.github.io/kipp-students/portfolio/week-01.html,,GAGAL,2026-09-22T22:12:31+00:00,2026-09-22T22:13:03+00:00,GALAX-B550M-EX:4941,,
49,18225039,W01,https://eira2510.github.io/kipp/portfolio/week-01.html,,GAGAL,2026-09-23T04:11:30+00:00,2026-09-23T04:12:24+00:00,GALAX-B550M-EX:4941,,
50,18225045,W01,https://tristanaw1.github.io/kipp-students/portfolio/week-01.html,,GAGAL,2026-09-23T05:54:44+00:00,2026-09-27T09:26:48+00:00,GALAX-B550M-EX:137464,,
51,18225061,W01,https://cpu-61.github.io/kipp-students/portfolio/week-01.html,,GAGAL,2026-09-23T05:56:01+00:00,2026-09-23T05:56:30+00:00,GALAX-B550M-EX:4941,,
52,18225091,W01,https://vescentongit.github.io/kipp-students/portfolio/week-01.html,,GAGAL,2026-09-23T06:24:31+00:00,2026-09-27T09:27:12+00:00,GALAX-B550M-EX:137464,,
53,18225091,W02,https://vescentongit.github.io/kipp-students/portfolio/week-02.html,15,TERCAPAI,2026-09-23T06:24:37+00:00,2026-09-27T09:47:00+00:00,,"Mahasiswa berhasil memisahkan fakta dari cerita awal, mengidentifikasi emosi dan karakter internal, menyusun naratif alternatif yang memperluas pilihan, serta menetapkan kesepakatan internal dan tindakan spesifik yang dijaga relasinya.","Prioritas utama: Memperdalam pembacaan 'power' dan 'context' dalam situasi ketidaknyamanan pribadi. Cara replay: Saat menghadapi permintaan yang benar-benar mengganggu kenyamanan fisik (bukan hanya emosional), catat secara spesifik bagaimana batas pribadi Anda digeser dan apa dampaknya terhadap relasi jangka panjang. Evidence baru yang dibutuhkan: Refleksi singkat pasca-tindakan yang membandingkan 'kenyamanan saat itu' dengan 'rasa bersalah atau lega' setelahnya."
54,18225091,W03,https://vescentongit.github.io/kipp-students/portfolio/week-03.html,,GAGAL,2026-09-23T06:24:41+00:00,2026-09-27T09:27:52+00:00,GALAX-B550M-EX:137464,,
55,18225091,W04,https://vescentongit.github.io/kipp-students/portfolio/week-04.html,,GAGAL,2026-09-23T06:24:44+00:00,2026-09-27T09:28:11+00:00,GALAX-B550M-EX:137464,,
56,18225091,W05,https://vescentongit.github.io/kipp-students/portfolio/week-05.html,16,TERCAPAI,2026-09-23T06:24:47+00:00,2026-09-27T09:47:00+00:00,,"Mahasiswa berhasil menguji asumsi awal, memetakan karakter dan constraint mitra, serta membangun shared problem statement yang dikonfirmasi, namun belum menetapkan next step formal (jadwal follow-up) sebagai bukti action eksplisit.","1. Prioritas utama: Menetapkan 'next step' formal (misal: jadwal follow-up interview dengan Asdos atau pesan tertulis konfirmasi) untuk melengkapi dimensi Agreement, Action & Relationship ke level 3. Cara practice: Setelah setiap interview, tulis satu kalimat 'Next Action' spesifik (siapa, kapan, apa) dan kirim ke mitra. Evidence baru: Tambahkan screenshot jadwal meeting atau draft pesan konfirmasi di portfolio."
57,18225091,W06,https://vescentongit.github.io/kipp-students/portfolio/week-06.html,,BELUM DAPAT DINILAI,2026-09-23T06:24:51+00:00,2026-09-27T09:47:00+00:00,,"Evidence wajib (Target Map, Pitch, Response, State, Adaptation) tidak ditemukan dalam teks yang disediakan; halaman portfolio hanya berisi kerangka kosong dan daftar tautan yang tidak dapat diverifikasi.","Mahasiswa harus mengisi bagian 'Evidence' pada halaman portfolio dengan artefak nyata (transkrip percakapan, screenshot target map, atau ringkasan respons target) yang menunjukkan kontribusi individual, bukan hanya kerangka kosong."
58,18225117,W01,https://florycasta.github.io/kipp-students/portfolio/week-01.html,20,TERCAPAI,2026-09-23T13:46:55+00:00,2026-09-27T09:47:00+00:00,,"Mahasiswa menunjukkan kemampuan tingkat lanjut dalam memetakan lima karakter lintas domain, mengelola multiple objectives dan state, serta melakukan repair relasi secara proaktif meskipun menghadapi signal lemah yang terlewat saat sesi.","Prioritas utama: Latih deteksi signal non-verbal atau implisit secara real-time tanpa menunggu feedback pihak ketiga. Cara practice: Saat sesi berikutnya, sebelum menutup rapat, lakukan 'round-robin' singkat di mana setiap anggota wajib menyebutkan satu hal yang masih 'ganjal' atau 'kurang jelas' secara spesifik, bukan hanya 'oke semua'. Evidence baru yang dibutuhkan: Rekaman sesi atau catatan real-time yang menunjukkan bagaimana mahasiswa menangani keberatan yang muncul langsung saat rapat (bukan setelahnya). Indikator keberhasilan: Tidak ada lagi gap informasi yang terungkap di sesi berikutnya."
59,18225117,W02,https://florycasta.github.io/kipp-students/portfolio/week-02.html,20,TERCAPAI,2026-09-23T14:18:59+00:00,2026-09-27T09:47:00+00:00,,"Mahasiswa menunjukkan penguasaan level Lanjut (4/4) pada semua dimensi dengan memisahkan fakta dari cerita, mengelola emosi dan karakter internal, menggunakan AI secara proporsional untuk alternatif narasi, beradaptasi berdasarkan respons lawan bicara, serta mencapai kesepakatan tindakan yang memperbaiki hubungan tim.",Pertahankan praktik 'pause dan jurnal' ini di situasi yang lebih kompleks atau dengan lawan bicara yang memiliki gaya komunikasi berbeda untuk menguji ketahanan strategi ini.
60,18225117,W03,https://florycasta.github.io/kipp-students/portfolio/week-03.html,20,TERCAPAI,2026-09-23T14:36:15+00:00,2026-09-27T09:47:00+00:00,,"Mahasiswa menunjukkan kemampuan tingkat lanjut dalam membaca konteks relasi, memetakan perubahan state dari ketegangan ke harmoni, menggunakan O-F-N-R secara proporsional tanpa ketergantungan AI, serta menegosiasikan prosedur konkret yang berhasil menurunkan ketegangan dan memperbaiki sistem koordinasi.","Prioritas utama: Melatih inisiasi repair proaktif sebelum ketegangan terakumulasi. Cara practice: Lakukan 'check-in' singkat (2-3 menit) setiap kali ada perubahan eksternal (sponsor, venue, pembicara) untuk memastikan ekspektasi selaras, tanpa menunggu miskomunikasi terjadi. Indikator keberhasilan: Rekan kerja melaporkan bahwa komunikasi terasa lebih ringan dan asumsi tidak lagi menjadi sumber konflik."
61,18225117,W04,https://florycasta.github.io/kipp-students/portfolio/week-04.html,20,TERCAPAI,2026-09-23T15:03:00+00:00,2026-09-27T09:47:00+00:00,,"Mahasiswa berhasil mendemonstrasikan kemampuan tingkat lanjut dalam menerjemahkan pesan inti ke lima variasi audiens yang berbeda dengan mempertahankan fakta inti, menggunakan jargon secara proporsional, serta melakukan adaptasi konkret berdasarkan feedback pemahaman.",Prioritas utama: Lakukan 'replay' dengan mensimulasikan respons verbal dari target yang paling sulit (misal: teman kos yang sangat awam) untuk memastikan bahwa 'tone' dan 'analogi' yang dipilih benar-benar menghilangkan hambatan kognitif tanpa mengurangi kredibilitas pesan.
62,18225117,W05,https://florycasta.github.io/kipp-students/portfolio/week-05.html,20,TERCAPAI,2026-09-23T15:03:09+00:00,2026-09-27T09:47:00+00:00,,"Mahasiswa menunjukkan kemampuan tingkat lanjut dalam membalikkan asumsi awal berdasarkan data lapangan, beradaptasi real-time terhadap koreksi mitra, dan membangun shared problem statement yang dikonfirmasi sebelum mengajukan solusi.","Prioritas utama: Lakukan 'replay' mental atau tertulis di mana Anda secara eksplisit menuliskan 'asumsi yang ingin diuji' sebelum wawancara, bukan hanya daftar pertanyaan, untuk memastikan setiap sesi discovery secara sadar menguji hipotesis tertentu."
63,18225001,W01,https://kazei0.github.io/kipp-students/portfolio/week-01.html,,GAGAL,2026-09-23T15:17:27+00:00,2026-09-27T09:31:03+00:00,GALAX-B550M-EX:137464,,
64,18225001,W02,https://kazei0.github.io/kipp-students/portfolio/week-02.html,20,TERCAPAI,2026-09-23T17:16:22+00:00,2026-09-27T09:47:00+00:00,,"Mahasiswa berhasil memisahkan fakta dari cerita, mengidentifikasi emosi dan karakter internal, merumuskan narasi alternatif yang memperluas pilihan, serta mengambil tindakan konkret untuk memperbaiki hubungan dan alur kerja.",Prioritas utama: Lakukan 'pause' sebelum merespons emosi fisik (misal migrain/marah) untuk memastikan pemisahan fakta dan cerita terjadi sebelum merumuskan internal agreement. Cara replay: Catat 'state fisik' sebagai trigger awal sebelum menulis 'Initial story'. Evidence baru yang dibutuhkan: Rekaman atau catatan mentah sebelum proses refleksi untuk membuktikan adanya jeda tersebut.
65,18225071,W03,https://minei114.github.io/kipp071/portfolio/week-03.html,,GAGAL,2026-09-24T03:46:12+00:00,2026-09-27T09:31:47+00:00,GALAX-B550M-EX:137464,,
66,18225071,W04,https://minei114.github.io/kipp071/portfolio/week-04.html,,GAGAL,2026-09-24T03:46:16+00:00,2026-09-27T09:32:09+00:00,GALAX-B550M-EX:137464,,
67,18225071,W05,https://minei114.github.io/kipp071/portfolio/week-05.html,,GAGAL,2026-09-24T03:46:28+00:00,2026-09-27T09:32:30+00:00,GALAX-B550M-EX:137464,,
68,73811190,W02,https://azral1962.github.io/kipp-students/portfolio/week-02.html,,BELUM DAPAT DINILAI,2026-09-25T00:11:48+00:00,2026-09-27T09:47:01+00:00,,"Evidence wajib (episode komunikasi, analisis naratif, dan bukti tindakan) tidak ditemukan dalam teks yang disediakan; halaman hanya berisi kerangka kerja kosong.","Mahasiswa harus mengisi bagian 'Evidence' dan 'Analisis komunikasi' pada halaman portfolio dengan satu episode komunikasi nyata, memisahkan fact/story/emotion, serta menuliskan minimal dua alternatif narasi dan tindakan yang diambil."
69,18225081,W02,https://owen2907.github.io/kipp-students/portfolio/week-02.html,,GAGAL,2026-09-25T07:27:12+00:00,2026-09-27T09:33:06+00:00,GALAX-B550M-EX:137464,,
70,18225081,W01,https://owen2907.github.io/kipp-students/portfolio/week-01.html,,GAGAL,2026-09-25T07:27:21+00:00,2026-09-27T09:33:32+00:00,GALAX-B550M-EX:137464,,
71,18225081,W03,https://owen2907.github.io/kipp-students/portfolio/week-03.html,20,TERCAPAI,2026-09-25T07:27:24+00:00,2026-09-27T09:47:01+00:00,,"Mahasiswa menunjukkan kemampuan lanjutan dalam mengelola percakapan hubungan dengan memvalidasi emosi, menahan dorongan untuk memberikan solusi instan, dan memfasilitasi lawan bicara menemukan prioritas sendiri, yang berhasil mengubah state hubungan dari tegang menjadi kalem dan logis.","1. Prioritas utama: Memperdalam eksplisitas 'repair' atau 'check-in' eksplisit di akhir percakapan untuk mengonfirmasi bahwa hubungan kembali ke baseline yang aman, bukan hanya mengandalkan perubahan mood lawan bicara. Cara replay: Tambahkan kalimat penutup yang secara spesifik merujuk pada perasaan awal S (misal: 'Terima kasih sudah terbuka, aku senang melihat kamu mulai tenang'). Evidence baru yang harus dikumpulkan: Transkrip percakapan berikutnya yang menyertakan kalimat penutup eksplisit. Indikator keberhasilan: Target merespons dengan rasa lega atau ucapan terima kasih yang spesifik."
72,18225081,W04,https://owen2907.github.io/kipp-students/portfolio/week-04.html,,GAGAL,2026-09-25T07:27:28+00:00,2026-09-27T09:34:22+00:00,GALAX-B550M-EX:137464,,
73,18225081,W05,https://owen2907.github.io/kipp-students/portfolio/week-05.html,,GAGAL,2026-09-25T07:27:31+00:00,2026-09-27T09:34:43+00:00,GALAX-B550M-EX:137464,,
74,18225103,W01,https://zunpen.github.io/kipp-students/portfolio/week-01.html,,GAGAL,2026-09-26T07:27:12+00:00,2026-09-27T00:59:42+00:00,GALAX-B550M-EX:4996,,
75,18225103,W02,https://zunpen.github.io/kipp-students/portfolio/week-02.html,15,TERCAPAI,2026-09-26T07:27:31+00:00,2026-09-27T09:47:01+00:00,,"Mahasiswa berhasil memisahkan fakta dari narasi awal, mengidentifikasi emosi dan karakter internal, menawarkan narasi alternatif yang memperluas pilihan, serta menetapkan kesepakatan internal yang diterjemahkan ke dalam tindakan spesifik.","1. Prioritas utama: Tingkatkan kemampuan membaca 'signal lemah' dari lingkungan eksternal (misalnya: reaksi rekan tim terhadap ide yang ditahan) untuk memperbaiki loop adaptasi, bukan hanya mengandalkan regulasi internal. Cara practice: Saat rapat, catat reaksi mikro rekan tim terhadap batasan waktu dan bagaimana Anda meresponsnya secara real-time. Evidence baru yang dibutuhkan: Catatan observasi reaksi tim saat Anda menerapkan batasan ide."
76,18225103,W03,https://zunpen.github.io/kipp-students/portfolio/week-03.html,16,TERCAPAI,2026-09-26T07:27:34+00:00,2026-09-27T09:47:01+00:00,,"Mahasiswa menunjukkan kemampuan mapai person dan state, menggunakan repertoire komunikasi yang relevan tanpa AI, beradaptasi dengan respons lawan bicara, serta mencapai kesepakatan eksplisit yang ditindaklanjuti dengan penurunan ketegangan.","1. Prioritas utama: Tingkatkan kemampuan mendeteksi dan merespons 'signal lemah' atau ketidakpastian yang tersirat. Saat ini mahasiswa langsung menawarkan solusi kompromi ('Bagaimana kalau...') yang efektif, namun belum terlihat upaya mendalami alasan di balik 'susah bangun' (misal: apakah ada masalah kesehatan, atau sekadar kebiasaan) sebelum menawarkan solusi. Cara practice: Dalam simulasi berikutnya, tanyakan 'Apa yang membuat bangun pagi itu terasa sangat sulit bagi kamu?' sebelum langsung menawarkan jam, untuk melihat apakah ada kebutuhan tersembunyi yang perlu diatasi selain waktu."
77,18225103,W04,https://zunpen.github.io/kipp-students/portfolio/week-04.html,16,TERCAPAI,2026-09-26T07:27:39+00:00,2026-09-27T09:47:01+00:00,,"Mahasiswa berhasil menerjemahkan satu core meaning ke dalam lima variasi bahasa yang sesuai dengan karakter audiens, merespons feedback target dengan klarifikasi spesifik, dan menggunakan AI secara proporsional sebagai alat verifikasi fakta.",1. Prioritas utama: Memperdalam pembacaan 'power dynamics' dan 'authority' dalam versi Manager dan Public. Cara practice: Tambahkan analisis singkat di setiap versi tentang siapa yang memiliki otoritas akhir dalam keputusan waktu ujian dan bagaimana bahasa tersebut memvalidasi atau menantang otoritas tersebut. Evidence baru yang dibutuhkan: Catatan refleksi singkat (1-2 kalimat) per versi yang menjelaskan implikasi kekuasaan dari pilihan kata tersebut.
78,18225045,W02,https://tristanaw1.github.io/kipp-students/portfolio/week-02.html,15,PERLU REVISI,2026-09-26T10:04:31+00:00,2026-09-27T09:47:01+00:00,,"Mahasiswa berhasil memisahkan fakta dari narasi, mengidentifikasi emosi dan karakter internal, serta merancang tindakan konkret berdasarkan internal agreement, namun bukti eksternal (respons target) belum tersedia untuk memverifikasi dampak pada hubungan.","Prioritas utama: Dapatkan bukti respons dari target (ketua unit/mitra) atau dokumentasi hasil diskusi. Cara replay: Lakukan simulasi presentasi draf kepada teman sejawat atau rekam percakapan (jika memungkinkan) di mana Anda menyampaikan draf tersebut dengan bahasa yang transparan tentang asumsi. Evidence baru yang dibutuhkan: Kutipan respons mitra yang menunjukkan penerimaan atas transparansi asumsi atau revisi yang dilakukan bersama. Indikator keberhasilan: Tautan atau lampiran yang berisi pesan balasan, email, atau catatan rapat yang menunjukkan perubahan pada draf setelah diskusi."
79,18225045,W03,https://tristanaw1.github.io/kipp-students/portfolio/week-03.html,16,TERCAPAI,2026-09-26T10:04:39+00:00,2026-09-27T09:47:01+00:00,,"Mahasiswa menunjukkan kemampuan mendengarkan aktif, membedakan pemahaman dari persetujuan, serta membantu mitra merumuskan langkah konkret tanpa merusak hubungan, meskipun bukti observasi langsung terbatas pada rekonstruksi teks.","Prioritas utama: Memperdalam pengelolaan 'authority' dan 'repair' dalam skenario konflik yang lebih kompleks. Cara replay: Simulasikan percakapan di mana mitra menolak saran konkret atau marah setelah solusi ditawarkan; latih respons untuk mengakui batasan otoritas Anda (tidak bisa menyelesaikan masalah orang lain) dan merancang langkah 'repair' jika percakapan menjadi tegang. Indikator keberhasilan: Terciptanya respons yang mengakui keterbatasan Anda sendiri sambil tetap menjaga hubungan, bukan hanya menawarkan solusi."
80,18225045,W04,https://tristanaw1.github.io/kipp-students/portfolio/week-04.html,16,TERCAPAI,2026-09-26T10:04:45+00:00,2026-09-27T09:47:01+00:00,,"Mahasiswa berhasil mengadaptasi pesan keamanan akun ke lima target berbeda dengan mempertahankan core meaning, merespons pertanyaan target untuk memperjelas fungsi recovery code, dan menggunakan AI secara proporsional untuk struktur tanpa mengubah substansi.","Prioritas utama: Memperdalam pembacaan 'power' dan 'context' dinamis untuk mencapai level 4. Cara replay: Dalam simulasi berikutnya, buat skenario di mana target manager menolak proposal karena alasan politik kantor, bukan hanya teknis; adaptasi pesan harus mencakup strategi persuasi yang berbeda tanpa mengubah fakta keamanan. Evidence baru yang dibutuhkan: Rekaman percakapan atau teks simulasi di mana mahasiswa menangani penolakan atau keraguan yang lebih kompleks dari target."
81,18225045,W05,https://tristanaw1.github.io/kipp-students/portfolio/week-05.html,,GAGAL,2026-09-26T10:05:00+00:00,2026-09-27T09:38:09+00:00,GALAX-B550M-EX:137464,,
82,18225109,W01,https://justbanu.github.io/kipp-students/portfolio/week-01.html,15,TERCAPAI,2026-09-26T10:50:36+00:00,2026-09-27T09:47:01+00:00,,"Mahasiswa berhasil memetakan lima karakter dari tiga domain kehidupan dengan jelas, menghubungkan setiap karakter dengan tujuan, tanggung jawab, repertoar, dan risiko, serta menunjukkan adaptasi bahasa yang spesifik antar peran dengan penggunaan AI yang proporsional.","Prioritas utama: Memperdalam analisis 'risiko' untuk setiap karakter. Saat ini risiko disebutkan secara umum (misal: 'Hubungan renggang', 'Angkatan kecewa'). Mahasiswa perlu memberikan contoh spesifik dari evidence (kata-kata atau situasi) yang menunjukkan bagaimana risiko tersebut muncul dan bagaimana strategi mitigasinya diterapkan dalam episode tersebut."
83,18225109,W02,https://justbanu.github.io/kipp-students/portfolio/week-02.html,15,TERCAPAI,2026-09-26T11:00:19+00:00,2026-09-27T09:47:01+00:00,,"Mahasiswa berhasil memisahkan fakta dari cerita, mengidentifikasi emosi dan karakter internal, merumuskan narasi alternatif yang memperluas pilihan, serta mengambil tindakan konkret (menunda respons dan menyusun draf) yang menjaga hubungan.","Prioritas utama: Memperdalam analisis 'power dynamics' atau 'context' dalam narasi alternatif. Saat ini narasi alternatif sudah baik secara logika (kebutuhan informasi vs kepedulian), namun belum menyentuh dimensi kekuasaan atau konteks organisasi yang lebih luas (misal: bagaimana posisi BPA mempengaruhi persepsi mahasiswa). Cara practice: Saat merumuskan narasi alternatif, tanyakan 'Siapa yang memegang kuasa dalam situasi ini dan bagaimana narasi alternatif itu mengubah persepsi tentang kuasa tersebut?'."
84,18225109,W03,https://justbanu.github.io/kipp-students/portfolio/week-03.html,15,TERCAPAI,2026-09-26T11:00:26+00:00,2026-09-27T09:47:01+00:00,,"Mahasiswa menunjukkan kemampuan mendengarkan aktif, memetakan kebutuhan mitra, dan beradaptasi dari pola 'problem solver' menjadi pendengar yang valid, dengan penggunaan AI yang proporsional dan transparan.","Prioritas utama: Memperdalam pembacaan 'signal lemah' untuk mencapai level Lanjut (4). Saat ini mahasiswa sudah baik dalam merespons kebutuhan eksplisit, namun perlu latihan mendeteksi kebutuhan implisit atau perubahan halus dalam nada suara/mimik sebelum mitra secara verbal menyatakan 'aku ingin didengarkan'. Cara replay: Lakukan percakapan dengan mitra yang diamati, fokus pada jeda diam atau perubahan intonasi sebelum merespons, dan tanyakan 'Apakah ada yang ingin kamu tambahkan sebelum kita lanjut?' sebagai bukti adaptasi."
85,18225109,W04,https://justbanu.github.io/kipp-students/portfolio/week-04.html,,GAGAL,2026-09-26T11:00:31+00:00,2026-09-27T09:39:47+00:00,GALAX-B550M-EX:137464,,
86,18225109,W05,https://justbanu.github.io/kipp-students/portfolio/week-05.html,,BELUM DAPAT DINILAI,2026-09-26T11:00:36+00:00,2026-09-27T09:47:01+00:00,,"Evidence wajib (initial assumption, transcript/paraphrase, shared problem statement) tidak tersedia dalam teks input; hanya kerangka template dan daftar tautan yang tidak dapat diverifikasi.","1. Prioritas utama: Sediakan artefak teks lengkap dari sesi wawancara (transkrip atau paraphrase tertulis) yang mencakup: (a) initial assumption yang diuji, (b) pertanyaan discovery yang membedakan problem/need/request, (c) problem impact dan constraint, serta (d) shared problem statement yang dikonfirmasi partner. Cara replay: Rekam ulang sesi atau minta partner menyetujui transkrip tertulis sebelum submit. Evidence baru yang harus dikumpulkan: Teks transkrip atau screenshot chat yang menunjukkan konfirmasi eksplisit dari partner atas shared problem statement. Indikator keberhasilan: Teks berisi kutipan langsung partner yang menyatakan 'Saya setuju ini adalah masalahnya' atau 'Ini sesuai dengan kebutuhan saya'."
87,18225083,W01,https://rosianna-maria.github.io/kipp-students/portfolio/week-01.html,,GAGAL,2026-09-26T13:18:54+00:00,2026-09-27T09:40:40+00:00,GALAX-B550M-EX:137464,,
88,18225083,W02,https://rosianna-maria.github.io/kipp-students/portfolio/week-02.html,,GAGAL,2026-09-27T00:05:36+00:00,2026-09-27T09:41:04+00:00,GALAX-B550M-EX:137464,,
89,18225103,W05,https://zunpen.github.io/kipp-students/portfolio/week-05.html,,GAGAL,2026-09-27T00:58:19+00:00,2026-09-27T09:41:24+00:00,GALAX-B550M-EX:137464,,
90,18225013,W01,https://rawrwrwr.github.io/Hikumikum/portfolio/week-01.html,,GAGAL,2026-09-27T01:05:57+00:00,2026-09-27T09:41:55+00:00,GALAX-B550M-EX:137464,,
91,18225013,W02,https://rawrwrwr.github.io/Hikumikum/portfolio/week-02.html,,GAGAL,2026-09-27T01:06:07+00:00,2026-09-27T09:42:19+00:00,GALAX-B550M-EX:137464,,
92,18225061,W01,https://cpu-61.github.io/kipp-students/portfolio/week-01.html,,GAGAL,2026-09-27T04:54:56+00:00,2026-09-27T04:55:23+00:00,GALAX-B550M-EX:4996,,
93,18225029,W02,https://fkkhrri.github.io/kipp-students/portfolio/week-02.html,,GAGAL,2026-09-27T07:25:19+00:00,2026-09-27T09:42:41+00:00,GALAX-B550M-EX:137464,,
94,18225029,W03,https://fkkhrri.github.io/kipp-students/portfolio/week-03.html,16,TERCAPAI,2026-09-27T07:25:30+00:00,2026-09-27T09:47:01+00:00,,"Mahasiswa berhasil melakukan percakapan hubungan yang kompeten dengan memetakan karakter lawan bicara, menetapkan batasan asinkron yang jelas, memperbaiki hubungan melalui permintaan maaf, dan mencapai kesepakatan eksplisit yang menurunkan ketegangan.","Prioritas utama: Melatih kemampuan analisis skenario mitigasi darurat (misalnya sistem down atau kebutuhan penanganan mendesak di luar jam kerja) untuk mencapai skor Lanjut (4) pada dimensi Agreement, Action & Relationship. Cara replay: Simulasikan percakapan di mana lawan bicara membutuhkan respons segera di tengah jam istirahat yang telah disepakati, lalu praktikkan cara menolak dengan empati namun tetap pada prinsip batas waktu."
95,18225029,W04,https://fkkhrri.github.io/kipp-students/portfolio/week-04.html,16,TERCAPAI,2026-09-27T07:25:40+00:00,2026-09-27T09:47:02+00:00,,"Mahasiswa berhasil mengadaptasi lima versi pesan dengan mempertahankan makna inti, menunjukkan respons adaptif terhadap umpan balik target, dan menggunakan AI secara proporsional dengan batasan yang jelas.","1. Prioritas utama: Latihan mendeteksi dan merespons 'signal lemah' (misalnya: keraguan implisit tentang dampak teknis atau kekhawatiran privasi) tanpa menunggu pertanyaan eksplisit dari target. Cara practice: Lakukan role-play di mana target hanya memberikan reaksi emosional atau diam, lalu mahasiswa harus mengadaptasi pesan untuk mengklarifikasi kekhawatiran tersebut. Evidence baru yang dibutuhkan: Rekaman percakapan atau teks simulasi di mana mahasiswa menginisiasi klarifikasi proaktif."
96,18225029,W05,https://fkkhrri.github.io/kipp-students/portfolio/week-05.html,16,TERCAPAI,2026-09-27T07:25:48+00:00,2026-09-27T09:47:02+00:00,,"Mahasiswa berhasil menguji asumsi awal, memetakan dampak nyata dan batasan mitra, serta merumuskan shared problem statement yang dikonfirmasi secara eksplisit, meskipun terdapat satu pertanyaan mengarahkan yang telah diakui dan dikoreksi.","Prioritas utama: Lakukan verifikasi silang shared problem statement ini kepada dua rekan pengembang lainnya (sesuai rencana 'next step') untuk membuktikan apakah dampak bersifat sistemik atau kasus individu, guna memastikan generalisasi solusi."
97,18225003,W01,https://silinderpejal.github.io/kipp-students/portfolio/week-01.html,,GAGAL,2026-09-27T08:21:43+00:00,2026-09-27T09:26:13+00:00,GALAX-B550M-EX:134934,,
98,18225003,W02,https://silinderpejal.github.io/kipp-students/portfolio/week-02.html,20,TERCAPAI,2026-09-27T08:22:13+00:00,2026-09-27T09:47:02+00:00,,"Mahasiswa berhasil memisahkan fakta dari narasi, mengidentifikasi karakter internal yang bertentangan, merumuskan narasi alternatif yang memperluas pilihan, serta menunjukkan adaptasi responsif melalui komunikasi jujur dengan panitia yang mengubah state dari overwhelmed menjadi realistis.",Prioritas utama: Memperdalam refleksi tentang 'Internal Character' dalam situasi di mana tidak ada pihak eksternal (panitia) yang terlibat. Latihan: Buat skenario di mana Anda harus memisahkan fact dan story saat menghadapi kegagalan internal murni (misal: lupa tugas tanpa ada orang lain yang mengingatkan) dan dokumentasikan proses 'berhenti sejenak' tersebut tanpa input eksternal.
99,18225003,W03,https://silinderpejal.github.io/kipp-students/portfolio/week-03.html,,GAGAL,2026-09-27T08:22:30+00:00,2026-09-27T09:36:37+00:00,GALAX-B550M-EX:134934,,
100,07381119,W06,https://azral1962.github.io/kipp-alibaba/portfolio/week-06.html,16,TERCAPAI,2026-09-27T08:57:13+00:00,2026-09-27T09:47:02+00:00,,"Mahasiswa menunjukkan kemampuan memetakan target berdasarkan relevansi dan otoritas, menilai perubahan state target secara akurat, beradaptasi dengan batasan data, serta menegosiasikan akses data agregat sambil menjaga privasi.","Prioritas utama: Memperdalam pembacaan 'authority' dan 'power' dalam konteks organisasi. Meskipun target dipilih berdasarkan relevansi, mahasiswa perlu menunjukkan evidence bagaimana ia membaca struktur otoritas (misalnya: mengapa petugas meja memiliki otoritas untuk validasi masalah operasional tetapi mungkin tidak untuk keputusan sistem), dan bagaimana ia menyesuaikan strategi jika target menolak karena batasan otoritas mereka, bukan hanya batasan data."
101,18225083,W04,https://rosianna-maria.github.io/kipp-students/portfolio/week-04.html,20,TERCAPAI,2026-09-27T09:05:17+00:00,2026-09-27T09:47:02+00:00,,"Mahasiswa berhasil mendemonstrasikan kemampuan tingkat lanjut dalam menerjemahkan pesan teknis ke lima ragam bahasa berbeda sambil mempertahankan kebenaran inti, mengelola trade-off antara presisi dan kesederhanaan, serta membaca sinyal ambigu dari target untuk memverifikasi pemahaman tanpa mengorbankan relasi.","Prioritas utama: Uji keempat versi lainnya (sahabat, rekan teknis, manajer, publik) ke target nyata yang sesuai, terutama versi manajer, untuk memvalidasi apakah pola trade-off yang sama berhasil di ragam bahasa dan relasi yang berbeda."
102,18225047,W01,https://ouksigen.github.io/kipp-students/portfolio/week-01.html,,GAGAL,2026-09-27T09:33:27+00:00,2026-09-27T09:34:35+00:00,GALAX-B550M-EX:134934,,
103,18225003,W01,https://silinderpejal.github.io/kipp-students/portfolio/week-01.html,,GAGAL,2026-09-27T09:34:37+00:00,2026-09-27T09:38:09+00:00,GALAX-B550M-EX:134934,,
104,18225047,W02,https://ouksigen.github.io/kipp-students/portfolio/week-02.html,,GAGAL,2026-09-27T09:36:41+00:00,2026-09-27T09:37:33+00:00,GALAX-B550M-EX:134934,,
105,18225003,W03,https://silinderpejal.github.io/kipp-students/portfolio/week-03.html,,GAGAL,2026-09-27T09:37:35+00:00,2026-09-27T09:40:32+00:00,GALAX-B550M-EX:134934,,
106,18225003,W01,https://silinderpejal.github.io/kipp-students/portfolio/week-01.html,,GAGAL,2026-09-27T09:38:39+00:00,2026-09-27T09:39:47+00:00,GALAX-B550M-EX:134934,,
107,18225003,W01,https://silinderpejal.github.io/kipp-students/portfolio/week-01.html,,GAGAL,2026-09-27T09:40:34+00:00,2026-09-27T09:42:25+00:00,GALAX-B550M-EX:134934,,
108,18225003,W03,https://silinderpejal.github.io/kipp-students/portfolio/week-03.html,20,TERCAPAI,2026-09-27T09:42:27+00:00,2026-09-27T09:47:02+00:00,,"Mahasiswa menunjukkan kemampuan lanjutan dalam membaca perubahan state hubungan, membedakan antara fakta kesibukan dengan interpretasi target tentang pengabaian, serta menetapkan boundary yang jelas tanpa merusak hubungan.","Prioritas utama: Melatih kemampuan untuk memberikan 'preview' atau informasi singkat tentang status kesibukan SEBELUM menghilang sepenuhnya, untuk mengurangi beban kognitif target yang harus menebak-nebak. Cara replay: Dalam skenario latihan, coba katakan 'Saya sedang kewalahan dengan deadline X, jadi saya akan offline sebentar, balas nanti' sebelum benar-benar berhenti membalas. Evidence baru yang dibutuhkan: Rekaman percakapan latihan di mana mahasiswa berhasil memberikan preview sebelum masuk mode 'offline' dan target merespons dengan tenang."
109,18225061,W01,https://cpu-61.github.io/kipp-students/portfolio/week-01.html,,GAGAL,2026-09-27T09:42:30+00:00,2026-09-27T09:43:12+00:00,GALAX-B550M-EX:134934,,
110,18225003,W01,https://silinderpejal.github.io/kipp-students/portfolio/week-01.html,,GAGAL,2026-09-27T09:44:29+00:00,2026-09-27T09:45:04+00:00,GALAX-B550M-EX:134934,,
111,18225003,W01,https://silinderpejal.github.io/kipp-students/portfolio/week-01.html,,GAGAL,2026-09-27T09:45:11+00:00,2026-09-27T09:45:39+00:00,GALAX-B550M-EX:134934,,
112,18225003,W01,https://silinderpejal.github.io/kipp-students/portfolio/week-01.html,,GAGAL,2026-09-27T09:45:45+00:00,2026-09-27T09:46:44+00:00,GALAX-B550M-EX:134934,,
113,18225003,W01,https://silinderpejal.github.io/kipp-students/portfolio/week-01.html,,GAGAL,2026-09-27T09:46:46+00:00,2026-09-27T09:47:09+00:00,GALAX-B550M-EX:134934,,
114,18225003,W01,https://silinderpejal.github.io/kipp-students/portfolio/week-01.html,,GAGAL,2026-09-27T09:47:14+00:00,2026-09-27T09:47:40+00:00,GALAX-B550M-EX:134934,,
115,18225003,W01,https://silinderpejal.github.io/kipp-students/portfolio/week-01.html,,GAGAL,2026-09-27T09:47:41+00:00,2026-09-27T09:48:07+00:00,GALAX-B550M-EX:134934,,
116,18225003,W01,https://silinderpejal.github.io/kipp-students/portfolio/week-01.html,,GAGAL,2026-09-27T09:48:40+00:00,2026-09-27T09:49:15+00:00,GALAX-B550M-EX:134934,,
117,18225003,W01,https://silinderpejal.github.io/kipp-students/portfolio/week-01.html,,GAGAL,2026-09-27T09:49:19+00:00,2026-09-27T09:49:49+00:00,GALAX-B550M-EX:134934,,
118,18225003,W01,https://silinderpejal.github.io/kipp-students/portfolio/week-01.html,,GAGAL,2026-09-27T09:51:20+00:00,2026-09-27T09:53:27+00:00,GALAX-B550M-EX:134934,,
