NIM,name,A01,A02,A03,A04,A05,A06,A07,A08,A09,A10,A11,A12,A13,A14,A15,TOTAL
18222009,Daffa Ramadhan Elengi,,,,,,,,,,,,,,,,
18225001,Kezia Josephine Manik,2,4,4,2,4,,,,,,,,,,,16
18225003,Erin Cherryl Angela,4,4,2,,,,,,,,,,,,,10
18225007,Ammar Zharif Fakhrudin,2,2,2,2,,,,,,,,,,,,8
18225011,Azka Atha'Us Salam,,,,,,,,,,,,,,,,
18225013,Ahmad Ibrahim Alhakim,4,2,4,,,,,,,,,,,,,10
18225015,Nathanael Louis Cahyono,,,,,,,,,,,,,,,,
18225017,Muhammad Aquilla Arizqy,3,3,2,4,2,,,,,,,,,,,14
18225021,Ihsan Fadhlih Akbar,2,2,3,3,2,,,,,,,,,,,12
18225025,Rulyansyah Fajar Ramadhan,,,,,,,,,,,,,,,,
18225029,Fakhri Athallah Dwi Andeo,3,4,3,3,3,,,,,,,,,,,16
18225033,Faiq Fadhlul Bahri,4,4,4,4,,,,,,,,,,,,16
18225035,Akmal Nararya Hasan,,,,,,,,,,,,,,,,
18225039,Obert Chandra,2,,,,,,,,,,,,,,,2
18225041,Azka Fathiyya Haryadi,2,2,3,2,2,,,,,,,,,,,11
18225043,Muhammad Daffa Aprilianto,2,2,2,2,,,,,,,,,,,,8
18225047,Rijal Kholis Al-Ausath,2,2,2,4,2,,,,,,,,,,,12
18225049,Cecilia Maura Ciptami P,2,2,2,3,2,,,,,,,,,,,11
18225051,Jevon Cleverivello Aritonang,,,,,,,,,,,,,,,,
18225053,Muhammad Razka Adhitya,,,,,,,,,,,,,,,,
18225057,Tio Christian Doly Silitonga,2,4,2,4,4,,,,,,,,,,,16
18225059,Keisha Nazla Ananta Putri,4,4,2,2,2,,,,,,,,,,,14
18225061,Olsen Danilson Sitohang,2,4,4,4,2,,,,,,,,,,,16
18225063,Eka Suci Ramadhani,2,4,4,4,2,,,,,,,,,,,16
18225065,Sarah Christine R. Tambunan,,,,,,,,,,,,,,,,
18225067,Davin Manuel Halim,2,,,,,,,,,,,,,,,2
18225069,Winda Naila Nur Aisyah,2,3,4,4,2,,,,,,,,,,,15
18225071,Michelle Nataneilla,2,2,4,4,2,,,,,,,,,,,14
18225075,Davindra Rasya Nugroho,,,,,,,,,,,,,,,,
18225077,Aqila Zahra Athaya,4,4,2,2,4,,,,,,,,,,,16
18225081,Owen Reyhan Martua Pasaribu,2,4,2,2,2,,,,,,,,,,,12
18225085,Muhammad Faisal Ramadhan,,,,,,,,,,,,,,,,
18225087,Muhammad Nabil Aizar Ramadhan,2,3,2,2,2,,,,,,,,,,,11
18225091,Muhammad Orkhan,2,3,2,3,3,,,,,,,,,,,13
18225093,Agastya Tristan Dhaniswara,,,,,,,,,,,,,,,,
18225095,Tirta Wening Putri Harsono,,,,,,,,,,,,,,,,
18225097,Fayza Kamilia,3,3,2,3,3,,,,,,,,,,,14
18225099,Lana Dzakira Cahyadi,,,,,,,,,,,,,,,,
18225101,Natasha Aurellia,3,3,3,3,3,,,,,,,,,,,15
18225103,Muhammad Rizqi Azhar,3,3,3,3,2,,,,,,,,,,,14
18225107,Muhammad Kafka Ghaisan Yusuf,,,,,,,,,,,,,,,,
18225113,Naufal Rasya,3,,,,,,,,,,,,,,,3
18225117,Omerio Orlando Manalu,4,4,4,4,4,,,,,,,,,,,20
07381119,Ali Baba,2,,,,,3,,,,,,,,,,5
18225079,Grasella,4,3,2,3,3,,,,,,,,,,,15
18225045,Tristan Anthony Wijaya,2,2,3,3,3,,,,,,,,,,,13
18225109,Banu Agil Triyanto,3,3,3,4,,,,,,,,,,,,13
18225083,Rosianna Maria Aviv Silalahi,2,2,2,4,4,,,,,,,,,,,14
18225023,Maximillian Jose Andreas A,4,3,4,3,3,,,,,,,,,,,17
18225115,Muhammad Rafi Fadillah,2,3,2,2,2,,,,,,,,,,,11
