NIM,Nama,ID,repo
18222009,Daffa Ramadhan Elengi,,
18225001,Kezia Josephine Manik,8337908342,https://github.com/kazei0/kipp-students
18225003,Erin Cherryl Angela,827205907,https://github.com/SilinderPejal/kipp-students
18225007,Ammar Zharif Fakhrudin,6460716867,https://github.com/arzhaload/KIPP-arzha
18225011,Azka Atha'Us Salam,8922481016,https://github.com/athus1104/repo
18225013,Ahmad Ibrahim Alhakim,1477678605,https://github.com/Rawrwrwr/Hikumikum
18225015,Nathanael Louis Cahyono,1410778732,https://github.com/nathanaellouis/kipp-students
18225017,Muhammad Aquilla Arizqy,8439317286,https://github.com/matematikal/kipp-studentt
18225021,Ihsan Fadhlih Akbar,5686676695,https://github.com/frnkensteinn/kipp-students
18225025,Rulyansyah Fajar Ramadhan,1061449796,https://github.com/Rulyansyahfr/kipp-students
18225029,Fakhri Athallah Dwi Andeo,5093302894,https://github.com/Fkkhrri/kipp-students
18225033,Faiq Fadhlul Bahri,7732568055,https://github.com/Gunther25/kipp-Students
18225035,Akmal Nararya Hasan,8770437532,https://github.com/eckmeel/repo
18225039,Obert Chandra,7659030519,https://github.com/Eira2510/kipp
18225041,Azka Fathiyya Haryadi,1952196155,https://github.com/satepadanh/kipp-students
18225043,Muhammad Daffa Aprilianto,8500620280,https://github.com/DaffaAprilianto-160407/kipp-students
18225047,Rijal Kholis Al-Ausath,8909667699,https://github.com/ouksigen/kipp-students
18225049,Cecilia Maura Ciptami P,1943602420,https://github.com/moorrrrrr/repo
18225051,Jevon Cleverivello Aritonang,8497814769,
18225053,Muhammad Razka Adhitya,,
18225055,Dimas Nurizki Falah,6183636496,https://github.com/dimasrizkk/kipp-students
18225057,Tio Christian Doly Silitonga,6029911030,https://github.com/YooFromLV/kipp-students
18225059,Keisha Nazla Ananta Putri,6697039612,https://github.com/keishaanazla-glitch/kipp-students
18225061,Olsen Danilson Sitohang,8829564795,https://github.com/CPU-61/kipp-students
18225063,Eka Suci Ramadhani,1299363269,https://github.com/lvdis29/kipp-suci
18225065,Sarah Christine R. Tambunan,8052060959,https://github.com/sarah-chreta/kipp-students
18225067,Davin Manuel Halim,7593924265,https://github.com/Kyaolp/kipp-students
18225069,Winda Naila Nur Aisyah,6481989757,https://github.com/ambreluee/kipp-students
18225071,Michelle Nataneilla,1151662713,https://github.com/minei114/kipp-students
18225075,Davindra Rasya Nugroho,1998862861,https://github.com/davindrarn-commits/repo
18225077,Aqila Zahra Athaya,1476378353,https://github.com/qilooooow/kipp-students
18225081,Owen Reyhan Martua Pasaribu,5322065620,https://github.com/Owen2907/kipp-students
18225085,Muhammad Faisal Ramadhan,6138974582,https://github.com/blackcrowcrowd/repo
18225087,Muhammad Nabil Aizar Ramadhan,6623206610,https://github.com/mnabilaizar/kipp-students
18225091,Muhammad Orkhan,6289500977,https://github.com/vescentongit/kipp-students
18225093,Agastya Tristan Dhaniswara,1376715884,https://github.com/AgastyaTristan/kipp-students
18225095,Tirta Wening Putri Harsono,7585196962,https://github.com/1py1h9fg8/kipp-students
18225097,Fayza Kamilia,986252724,https://github.com/g7zel/kippKuliah
18225099,Lana Dzakira Cahyadi,2081059738,
18225101,Natasha Aurellia,1168379768,https://github.com/snowberi/kipp-students
18225103,Muhammad Rizqi Azhar,7085957839,https://github.com/Zunpen/kipp-students
18225107,Muhammad Kafka Ghaisan Yusuf,1204092893,https://github.com/Mkafkaa/repo
18225113,Naufal Rasya,6498906221,https://github.com/NaufalRasya/kipp-students
18225117,Omerio Orlando Manalu,8637219486,https://github.com/florycasta/kipp-students
07381119,Ali Baba,93694501,https://github.com/azral1962/kipp-alibaba
73811190,Armein Z. R. Langi,8749207251,https://github.com/azral1962/kipp-students
18222041,Kezia Caren Cahyadi,,
18223103,Muhammad Dhafin Faidhulhaq,8683009567,
18225005,Virdhi Yastana Buma,,
18225019,Fathir Mulya Gibran,1308071868,https://github.com/fathirmulbran-wq/kipp-students
18225023,Maximillian Jose Andreas A,8523221474,https://github.com/ilovecomputer-python/kipp-students
18225027,Pelangi Putri Sanyoto,1661440785,https://github.com/pelangips/kipp-students
18225037,Ragawa Bhramastya Aquila S,8024008528,https://github.com/aduadu17/kipp-students
18225045,Tristan Anthony Wijaya,1374455548,https://github.com/tristanaw1/kipp-students
18225073,Sabrina Aurelyn Sibarani,5447155430,https://github.com/sabsibb/kipp-students
18225079,Grasella,1229915766,https://github.com/grasella07/kipp-students
18225083,Rosianna Maria Aviv Silalahi,1355206615,https://github.com/rosianna-maria/kipp-students
18225089,Ariya Nanda Harimawan,,
18225105,Athaillah Akmalu Ramadhan,1332791905,https://github.com/Penddragon/kipp-students
18225109,Banu Agil Triyanto,5670837668,https://github.com/justbanu/kipp-students
18225115,Muhammad Rafi Fadillah,1423998545,https://github.com/Muhrafifad/kipp-students
18225119,Mouristio R. A. K. L. Praing,7587704336,https://github.com/csd-hub/kipp-students
18225123,Leroy Keane Muhammad Del Oro A,7100545833,https://github.com/leroyykeanee/kipp-students
18225121,Farrel Garuda Haryono,,
